id,firstName,lastName,random
2-1,dbfecbbffbaaafcd,adceeeacceadad,-7337262481215476474
2-2,abbeeeaaadbac,ebcabffbabceacd,-5293375821814531891
2-3,daabeaeeaf,dfbcebec,-7819481971817962644
2-4,cddaadacdadcfcf,bcdaaaccda,-6339717144552062159
2-5,debdbdebfafdf,dcdeacccccffa,-6544637575522469981
2-6,aeebfcffbfcec,edfeddbefbecd,-8514142093764542771
2-7,ccdccaabfefdad,afcdbeeb,-9089543516400481469
2-8,eeecbddcacaf,acedbbbdb,-8408141188572147141
2-9,dcccfbbdaedc,ebaafeeafae,-6982410226599612921
2-10,efcfaaaafafaccea,fddbeddbeafcdd,-8153806833672770243
2-11,cadeabbbab,fdeeaecddfed,-8296384259051690627
2-12,dafddeadceadd,beeafacfedee,-8902928968560220079
2-13,ecdbbbabcec,bdfccbdabcddb,-6291409563543807086
2-14,bdeeabbdebda,bebcac,-8026388632597980784
2-15,fbfbbfeebbdaf,deefeafaeea,-6198555194079753711
2-16,ffaeabbabffbaa,becfcfeeaebde,-6340536750790597656
2-17,cbeeadcbbda,decbdbdcca,-5259117800843552344
2-18,afbafaaadafe,fabdffcbbe,-9097068887892985551
2-19,cccdbaaaabdccecc,ddeabfdcbea,-4648335668565269707
2-20,dbecfdcdfdfbddb,ecceedbebaf,-5236403876115958641
2-21,dffbefaccedbef,addeebaaaeea,-5572532045728239968
2-22,fdffdbeedfa,eeffecaaccafe,-5995814890191440329
2-23,cebcdddfbfae,ebbfafdcdbdefe,-9044216190367547419
2-24,ffefbabdeebb,eccfdbdedbc,-4762600012199361595
2-25,bfaacdbacede,eebfdbacabcca,-6535665631287081816
2-26,cacbefbeafaf,adfacdadaecfcded,-8566827028189487405
2-27,acabbfbade,cabdabdeabdf,-6062403537592721623
2-28,adcfdcbfeaddea,aafbdeffdd,-8063414265878948013
2-29,dafbebfcb,aaaaadcd,-6747955453508074995
2-30,faebbaeccae,deabdcbbdbcc,-4791238769931151802
2-31,bccfffadebed,eccbdecaddcafec,-5964785937165180477
2-32,bbbeaedeaef,cccaf,-7491840855985552856
2-33,bbcefabfbbfffc,dafabfedbef,-4619978693129899017
2-34,debdbfaeb,affeaeccebbeeb,-7549829093330787861
2-35,fcfbecffefebbbfef,dcfbdedaacecbda,-5986295797642635868
2-36,aacaabf,cabbccadabbfdb,-6460455261588882981
2-37,ceaeeafeefdb,dfdbcbdebbdbcc,-7067356358553146292
2-38,aeccfbaaadcedb,aeefbebfbab,-5254040150048027733
2-39,deaebebfccba,bbebcbadbd,-6388690219759344686
2-40,dbdceefedffcafcaca,cbecccbadfb,-7148279635366444805
2-41,effbfdca,bfdfccbbdbee,-4961720482810398882
2-42,abcfbecded,ffbacbbfb,-6875365702869376517
2-43,eebececbabcaa,deedcaec,-8610836815811830763
2-44,ecacffaefddbbe,cddfabbffa,-5623498455407950576
2-45,bcaeefaabddeb,bdbedebccafccacb,-5420332112466369589
2-46,fdbfaaafebe,cfbabafeafaba,-6227280395333193100
2-47,fcefabeaafac,adeedcabceaeac,-5510781308505692500
2-48,bfbdbccbe,caaedceb,-6661315205474146741
2-49,eabfdaccee,fcdbaeeecefb,-5864151195127448697
2-50,fdecfdadfbbfc,babcfeabbcaccecb,-5180328548130001743
2-51,bbddcaed,afdeebdfece,-5305978986446287826
2-52,fbebdefaedb,bceeebcaad,-8374029394901388371
2-53,adefadfbad,ebebdbdbeefa,-7029958192996091391
2-54,eaabbcefeabfeb,babeaeabbedc,-7817220241067742756
2-55,adfcefcaacdbaab,aedbdafadceeabe,-5925594809180797418
2-56,aefcbecaeedc,fcdaddbd,-6267089694897629251
2-57,befabfdc,bbcccbafccfcbefe,-4973033771852742914
2-58,bdaefebeffbea,cbdffbaa,-7528750679068695734
2-59,cdeaacbadbdcafa,eaffcafcadabceb,-6351691639818375135
2-60,bffeecddff,eeaeebaaefe,-6458069504342159384
2-61,daceaaeefcbcfaa,adeedebdedaedaeffd,-5657104788276252675
2-62,cafbebdcedc,acdcdfccadbd,-8215478716055692920
2-63,aafcbfaf,decacfceae,-8755535914153895818
2-64,badecfdcd,bbecfdfdfbecebdd,-5051135051789657747
2-65,fcffdfbbbdac,edcefddacda,-9162477727284114847
2-66,acddaaeeeae,ccaafdbbbcbdeabd,-5635165960145519655
2-67,afbfeeedbebcba,fbeafbadbaafbcfa,-6128922435284524538
2-68,fefecebacabcc,afdddfcfdaca,-7838799647743581788
2-69,eaceceabaaaebeb,cfaccccdceb,-8330026517483887178
2-70,dfeeaaefad,bdceaafce,-6667410314431999520
2-71,babdaabfcbb,bcfbedebac,-6936032236726048063
2-72,cfcbcfbebfbfcedfa,ebdcceadcaeb,-6247165059439107813
2-73,baeefddaabccaa,aabefbcceaebce,-7166342002622323231
2-74,dfbbeeededc,aabfaaacaeaa,-8026434155994142048
2-75,dbeafcebd,ebefcefaceaedaf,-6033819377585958737
2-76,afdcedbfbe,ddbefbbbbcad,-5685598144299490291
2-77,ddaebebaed,dcfacbbcbccaf,-5135058772694469594
2-78,cedbbbefaabeddfdeac,efffeaeccfabb,-9201707834276292172
2-79,edaedcccdd,ebdcfaddbaade,-5574984299377954402
2-80,ffeeccafbcfcfde,fafdbebcacbaeafc,-5286225056117267310
2-81,dfabeeeac,dcaaccbcff,-9023889168567021457
2-82,fbadceecf,bcfbeadacdd,-6317750217728993518
2-83,faceafaaebcfbaaad,edaacd,-7416830398920319691
2-84,cafebb,facdaeafdf,-7984703670734954712
2-85,acddafecbacd,fdcecadfbfffae,-5958461103867816219
2-86,bbebdeaecdc,abeeeacbad,-7684615192568617262
2-87,adabbdacbf,adefbefeabca,-8180376813161035163
2-88,fcbdaecbbefecac,bebdacfceacead,-7526634997788274515
2-89,cfcbfdbeaccfabbb,adefbadfbbaadccf,-7977933179980365105
2-90,fecdbdbaeccfabd,fcfebebcebae,-8811291824057816781
2-91,eefdacaaacda,cadefdacdcbddba,-8444870380050761563
2-92,edecfbadcfaecad,defbdaeabddebebd,-4791311123793325005
2-93,aceececcfc,ebaaabaddcc,-6195938054002979838
2-94,fdaeeefaaeedf,ddfefdefacbaabf,-8461622148842537191
2-95,fcceafeaadbac,deadedbcbebb,-7730279336401726619
2-96,aeaadaa,bebbdbbdefef,-5497203198757212137
2-97,aeadcbccfffba,acdbaebfffddca,-4670235179459861081
2-98,fcaefaaeaed,caddbadebdf,-8244926243301499007
2-99,bcabdbdbaccfc,abadcaefe,-4984418104975688142
2-100,deaaebabfebe,bacaefeab,-9030015313919822032
2-101,cbffddaebbcc,cefdad,-6235124361734350440
2-102,dbddafbd,daaedcfbcaef,-8956311651704948332
2-103,edffbddbeeeef,cccdddacd,-7953961294259024573
2-104,aacbbaaedbbddd,ffdaaabcedd,-8466286667671515838
2-105,fbfefdbfaffbbbbb,aebdafcee,-8028334496090526199
2-106,ecdaaceeeead,acbbeca,-8633382725885618682
2-107,dcffcbfbbceb,caeabbadbbdfec,-8049889847353463236
2-108,abfaddecbabbbafabbe,beeafabcefbbed,-4882188371191404451
2-109,fcbabaabbbdde,acdccdfadcf,-6898278652542072753
2-110,eddbfebfbbe,fbafafdbcfcfd,-5489941460563179455
2-111,aefefcffbaa,cdeabccfae,-9066120123092174103
2-112,eccfcbeaaa,cfeaebbb,-7964872696184213367
2-113,ccfcfbcbcd,edcfebefccccebeaf,-8301032844159160063
2-114,dcbdaeeadd,bcbafdedaaadd,-7099182597849410163
2-115,dceeaacaeda,cdacfbcfd,-8101767980916659902
2-116,abdaebceefeabaa,cffbfabbaadad,-6834315641200221267
2-117,dadfcbefecfce,feafaaffbbbbbdae,-5832236577406543646
2-118,aebbfabf,ceeacdbcbfcebfc,-4887535350213656788
2-119,debfcfbcabdfbfbae,bafacadcaf,-6320283625006108349
2-120,adcdebdacf,cbdcfbdfcccedceef,-4756860667866193424
2-121,fffeaacfaffaeae,fdccbcfaaeedfffa,-5841975277207248029
2-122,aaeaaecf,dccfebbfcbaca,-5316490581008929628
2-123,baadeaaadcdccda,bacabfeeacd,-8393810367655007123
2-124,efbdeccacbcdf,fceaaafaafdfdd,-6768871792120441127
2-125,faaebbacfedd,badafebbad,-7998334152260543145
2-126,fcdaafbef,affddbaac,-7610854526972429213
2-127,facdbfbceaaface,ffaededadfebfcc,-7286850920504311399
2-128,aabecdbccd,edaeedbbafdfdbeffaaa,-5250617726238808214
2-129,aededdfbfefcf,fafabacedecddbaf,-7145924156646401287
2-130,adcadaccfacce,eccceccdb,-7056687424706332825
2-131,efebcedfbbece,deebed,-8214439451738007271
2-132,efacedbaadd,ddfbabcffec,-5345947446257350335
2-133,bbceefcaedaec,bfdcbedadebbda,-6682165459316569688
2-134,ccffcbdedd,dadeacbadaaa,-6045057192038063238
2-135,feffdaafacbeca,dbcdfedf,-7426399058381333005
2-136,ebfdacacb,addfddafceb,-8226488839363763157
2-137,ecdafebcada,ffbacaea,-6853539293357784526
2-138,dffbab,caebfaffffaddcc,-6354337081438529272
2-139,abefefcfabbaccc,beaabbdfefe,-4814543214042549410
2-140,aefdbabbcd,aeefedcceacadd,-8830043961649968419
2-141,ddfbbaadedefafad,fbecddabcaaa,-5144071057570388653
2-142,aafeaceacda,efebfdabcea,-4833904395055757712
2-143,daefbdcbaa,efcbfcaae,-5619377694935282137
2-144,abbfdefaefaddfd,beeaafbcdfea,-4892634247994377693
2-145,bdafbafdecabc,abdddaaacc,-7347191600217577323
2-146,aaabebaeaefa,dbefedaedbfcba,-7344270118907760219
2-147,accbedaffedbca,dbeadfbdcdfe,-7249284887846365122
2-148,dbbfdcc,becbbfbc,-5588651323117027241
2-149,acceddfddde,ffceadeacecfe,-6044380378466724519
2-150,effabdbcc,effdbcefebadacf,-5653475460512155295
2-151,fbafbfbaeeaeb,fbfdfbddcfbaea,-5215770764658207350
2-152,facdecdcddd,efffcabdbfadfc,-4638102618641950356
2-153,bcdddecdbbff,ffdfaaacdac,-6221350796461757351
2-154,ddcaedcbad,eefeeaceddca,-6765276212848417494
2-155,dcbacafbfde,dbdedfb,-8582696195230665033
2-156,deecdcededeaecd,feceaaedfbb,-6130103121423431291
2-157,dbfcfbbccfdd,aeebbeeee,-5164590455956766482
2-158,cbedbaaf,dbabbbeebabefd,-5122866967008298755
2-159,cdcdefebeab,afdabeefba,-8923776782386371168
2-160,ecbcbdbaaf,cdfcbaeedcccba,-8714863470537073757
2-161,fafeecacafad,adcfcffebcfbdb,-7222095927277211593
2-162,dbeeacebbcbacdd,accbaeee,-5388364662765493362
2-163,afcefddfeaac,aecefcaaddcbbb,-5169174343066340295
2-164,fadcafaebd,cecddcffeded,-9166637290164593075
2-165,eeceaabbebad,ddcfcdfefdad,-9207000939448674745
2-166,adbaadcf,befdcaaccbdd,-6501649488740012649
2-167,cdcbffbcddcdb,becdfbbacddf,-7330592898250515121
2-168,dcfccadbe,eaddbccb,-7936531817907879573
2-169,cbefebaefd,bfeccebaaead,-8501496293342389872
2-170,fcefdefbbc,dcbdaffbec,-6201434729846985019
2-171,ddaeaceacbdd,afcabccdcfeb,-8731515440564845208
2-172,edffbfadcccd,fddeecbcec,-4835155694531169485
2-173,abfefaecbbfca,ffdebfadbefbd,-4634947383059301049
2-174,ebbeeaaddaa,ffbdabdabaf,-6370806535721177273
2-175,fcfaabccfcc,bbcadeefbcce,-9153640868650523842
2-176,feccabcfda,efbdaeadafb,-6809978453443415879
2-177,aaaebcdeb,fcbeebaaecbf,-9032791604226611150
2-178,feecefcbccdceac,bfcabadefad,-5603922379484277295
2-179,caecbfefbdffcdff,babdbdba,-4802199497120317022
2-180,eefbdabbaf,cfaacaeabdd,-8212406771981809197
2-181,afccbbbabffe,cacdbbcbecfbcdb,-4700805852799628489
2-182,ceebabeaef,dcbbaebece,-7405442896251242011
2-183,eadafebbafec,bcaddabdbcdedcbbde,-8298956690720870938
2-184,accaacaacaa,afbacaabeed,-7748951003907476947
2-185,feedbdcddeadf,dbcaebcfbfa,-4890733867249092232
2-186,effecbadebfc,fbfcdfcabbbaef,-6334951139281317996
2-187,eeefbfeadfd,dbafac,-6559310878825770687
2-188,fffaafcbcdcb,adacefbadbeee,-9100813680011800962
2-189,ffcebbecceea,ffcbddec,-8899586460660297147
2-190,aabcacce,bcefaabafcadaca,-4974405511968116534
2-191,daecbcacfcf,caaebbbfdcfeac,-8376739536513633108
2-192,fccfbbcfbface,abadeaacedafe,-9167201476832491394
2-193,badcfedcdaedded,ecbbacdaee,-7229291356080117426
2-194,eefecbffbcdbd,ffcaecbeadaffbdfd,-7792650141116765856
2-195,dfbba,bebafaabded,-6443625563535343912
2-196,bfbdbfb,facffcbacdccf,-5429144775611200271
2-197,fbadbeaffafdc,beebebfadde,-5102930576305560688
2-198,ebfbbecdeccded,aacbbfcffcffa,-7523280547410829510
2-199,cfabecbbfbaece,faeabfcbfedccbc,-8154791025832873533
2-200,daccdfabacba,ebdfaeddbadab,-5025140171373902315
2-201,eafbaefcfbeeaba,acdbffcecbf,-9200462650485584909
2-202,bddcbadfececac,bcbeabcbcb,-8756110645666400923
2-203,bbfeedadbeceddad,abfcbdabbbadbfbe,-4983933947296921372
2-204,ebafeeeadc,aaefaaeee,-6291843812336504498
2-205,ecbaabeafcd,ffcdcd,-7583052873443458179
2-206,cdaadffbfa,cdabcaafcdcae,-6488265583272892441
2-207,dabcbceedadd,bbacaabbbedecb,-5352388661842578045
2-208,babfebdebddfa,fffaafcad,-5797230855346425203
2-209,bebdbddcbaceed,fedcfdcaf,-7421416029547617905
2-210,faeeaabfedc,bcafcdcbcfaa,-9070025581189028326
2-211,ccdeebaabeeddb,eacccfcfec,-8288538264213048212
2-212,fcebabdedbceeac,dfddbfdaedfd,-6904449441571326611
2-213,eabcbfaccdddd,eafdfedbdbf,-6926016466018812481
2-214,dfbfadbcbffcfc,adbdfabea,-6674316294757636983
2-215,bddbfeccaede,fcbddbabddebebe,-5644174296633926834
2-216,ceaddafafffc,dfceaaaecd,-6421004878357958627
2-217,dedfcfbbabedd,aecbbcd,-5681183748363503923
2-218,adefacfefc,eddcbbebfbd,-5338700596904478766
2-219,babbdcaabfea,eafdcfdfcbcea,-8967244329053819286
2-220,edcfabbff,ecefdbabceea,-4897416207400410031
2-221,caafebafaafeeae,eebfdbfbcffdecd,-8286855287351612203
2-222,bfeacdafcbce,efcdaadabede,-6585721043275558176
2-223,efaccbade,cbfbdecbaceafcb,-8688500719016805193
2-224,acafeeedb,aebcfcbfce,-5095264265611217330
2-225,cabbd,aefebfdeeee,-8839740845622474706
2-226,cbbcfafbdaaacfb,defcdeabfdfef,-8534695156965245345
2-227,bffeebcbcbfcfdcff,adaceacbfde,-8915860824924004718
2-228,bfdadadeccaa,fcfafbbdbae,-7423274252252764959
2-229,feaaeecfaedd,dfbaecaddbcaeeb,-6354337411930082190
2-230,dbadebabacdcce,fedfaaacbdbce,-8887641058235503390
2-231,bebbaaedeeafaf,eabfdebcbcfecd,-4867669105841812200
2-232,faffcbeedeccbdd,faacaabe,-8487817266574391186
2-233,bdcddabec,caabbafabaadcbd,-6417583247728386883
2-234,ebdefbebf,aeeaaefbdd,-7282484218434366858
2-235,daeeaeebd,fadeaaafd,-6313351580729662171
2-236,cccaaafefb,cccffccddf,-8297850323718825607
2-237,ffcaeaecbacec,fbfcfcedddcbdedb,-7831515811848316144
2-238,edbbadbee,bfeebebaffabcdab,-6470823047838193381
2-239,aebcdbbecbceebd,ffeabebadfd,-8162144084745502762
2-240,ddceececbffafcda,dcfbabdbea,-8596434169764586518
2-241,daebbfcceda,ccfeedcbabaecbcba,-6078066895885251672
2-242,cdeafbcfceaa,dfcaaacabdf,-9033327314207639753
2-243,aaecbfddad,cffdeba,-7892956900484238822
2-244,fbfcbaffc,eabddbeeca,-4731226487742085590
2-245,beefda,dcfdfcaaffede,-8067460414270483106
2-246,dbfceabfbaccbfcdfbb,cfeceffdbe,-7897061329740689986
2-247,cbabcfbfbc,cbdcaeaaddabb,-6799910248051549257
2-248,eaebcafd,ebfcfadbebd,-6323699404397373683
2-249,cdafdcacefbcb,eaeebdefebffea,-4655428577225571930
2-250,ecadaddcca,caabdeecae,-7738939581049183858
2-251,adfbffbd,cabacfdb,-6882353657237972713
2-252,eacbfdebabce,ddcedbadda,-6834096418870208294
2-253,dcaaebbefd,fdbfecfbb,-9132417385656599725
2-254,edfcaecbccbc,fcadfecafbceaeb,-6959254168567173455
2-255,dfdcafdcbfbedbe,dfaddebcfdebecb,-5761124413174138775
2-256,cbfecccce,ccbaabbddfaa,-4768731874873350534
2-257,dfaabcfcccd,babcdfdabfcbb,-6967901231791092885
2-258,bfdbfedda,baaebbfcedccdc,-8506072577380422436
2-259,facbdacabdf,ebdafca,-7808866860031039980
2-260,adadfcbeab,dffcefbdcdcfe,-4772393264864911722
2-261,ebfaeaabacdfd,abccdeabbcbfce,-5167375692479797182
2-262,daeebadbcfbeab,adfceba,-8465516027688021886
2-263,acdefbacffaaaccdad,afdbefbfbcdee,-8737066827938514719
2-264,dbabeedabbdcfff,dadcdbfcbee,-7089967276896764354
2-265,eeefdddbcd,eddaadeafae,-6786103352801189586
2-266,aadfbfcbbdeebf,fdeeedcfbbcfbf,-4943112333364071691
2-267,acbdcabaca,adffceaffeeabb,-6271990413939565648
2-268,aaaefcceead,abdcdfbffafcbd,-4671927755858291779
2-269,bdfdfddddf,dffdfdadebedfbca,-7069389687026393945
2-270,eeafefecadfe,facadfaacbcaeec,-6049529284502698398
2-271,eecfeafaabff,dccefacfaafcfe,-7328903570368445954
2-272,aeafcbcafde,efecdaadcbaa,-7303046618732191734
2-273,bedfbcafaadad,ddbfeabbbfbdac,-4956852470843332212
2-274,cadbaadeddfdd,ddceeaeaebe,-8211658577713865890
2-275,fcebcce,adafecaaae,-7413474443253489490
2-276,cfdfefbeadfbdb,ddeeafbabedccefe,-4743080698572767712
2-277,ddbcadadfbaed,acdafebefcacd,-8737268829002320115
2-278,dfbddafefcb,befbbcacea,-6464751474553249111
2-279,ddebafcb,fafbabadce,-8450426964072585193
2-280,bcffabdeec,afdbceddacbeaeabca,-7388494710514775094
2-281,acfdbecced,ebcbac,-6312475286088486794
2-282,dfacddbefcceda,ccaedeebddacfec,-8225047120034927501
2-283,dbafebbabfdadc,ddfbaafddad,-7676293158818753363
2-284,affadfcfaadadfe,aadcdafc,-6278976458684654509
2-285,eebdbcedbbeeecc,ffbcbfd,-7694761045203628014
2-286,dbcbcafdaacebd,dfafeadabbecaddff,-4936288612386917617
2-287,fabaebdd,dbefbdbcabda,-9089558780476452390
2-288,eeaebaebcdbccfedd,fafdafecffd,-5772732023016458595
2-289,dbcfecbff,ddcefabeecbd,-7512523279580086911
2-290,caaebbcfadbfbdda,abedcfdccda,-7722882204932687321
2-291,cffbebbcaccae,fdeeadbfaafbf,-9082457483387363452
2-292,bdeffeca,ecfefbfaebdff,-4663595414011455745
2-293,abafcaeafae,acdbfdcfec,-5530652149520832788
2-294,caecffafccfaba,cefbeefacfcfffc,-6570983911176564740
2-295,acffecbcfcafe,adacfdbdecdcecd,-7024273069247117795
2-296,ccffbdadcbdb,aabeffccdd,-7619294174606143472
2-297,cefadabadbebfd,accaaadaeebecba,-5933517256204424006
2-298,fcfeacee,ebcde,-7700467630563239815
2-299,fbfbeeeba,ebdcbafcdbacb,-8574256120877872437
2-300,dbdeaeb,bfdafacdda,-5809172010922040783
2-301,bbdbeadcbbbebdd,dacbcfbeedc,-5123154394196209517
2-302,beccfcedecaefb,ffcccbe,-7653725069308545567
2-303,ddcffcdee,babada,-5434003698638952876
2-304,fbaebfdaece,afdfbabffaafefdd,-5047978782171606831
2-305,aacabdfeb,cbdaebdfdcb,-5903790616033245301
2-306,dcdebfdcdadbbeb,abbebdbbada,-5042307327880736150
2-307,cdfaaaecdd,eaffbacbbdede,-4793721824831247042
2-308,acbcba,cdaefaffde,-6872756572855136026
2-309,bceacfdcbaaddded,feedcaadbb,-7451151513495575626
2-310,dffaeccba,ddfcacbffd,-6753574019624100460
2-311,beaeffbfdfdbfd,cdcbfcfaaabedeedc,-8463423592289671460
2-312,beeffceb,aafbfbeedd,-5217083792489066232
2-313,bdafccffdecbadda,fecffbbd,-6939286755345077907
2-314,dbffeddeabb,ecbaccdcfcb,-8988396258305521301
2-315,ddcfdfcfdae,eaadeaaafce,-8779178114102500914
2-316,cfeaffbffbdbeeccdcc,aeffbfbcaddb,-9061153726501364896
2-317,daedbaefdcfcfba,aafdaedea,-7925986796980232079
2-318,fecaaffaec,eabafcccfd,-7198458315230731159
2-319,acccfebcbece,efaaaffaccdd,-6031353196396862700
2-320,bebbaedeaafcdaf,ebacdfebadedeef,-5432800280277250280
2-321,eadcfaefedde,abbefefffaea,-7785749713160001302
2-322,facdbadbedfecc,aecaff,-8973391329304113159
2-323,bacecbbadeddbef,edbaeecbfea,-7769786920517089759
2-324,efdffcadaef,adcdddecc,-8947359054366467642
2-325,cdbefafcacb,abfddceddadc,-7430555086830774516
2-326,dbbaedcdeadccedd,feebcaac,-8053693302196354424
2-327,fdedefacacbbdc,fcadfefadf,-6550250159844330992
2-328,aafcafbbaafafdf,cbcaafbcce,-6453850656098984375
2-329,acabfbfadfebbe,fbbeeafbfaaf,-8088565603958628490
2-330,dadcccecaaf,facadfaeafacbdd,-5790999900620360744
2-331,dfdeccf,dcbdddcbecf,-7078987121239983975
2-332,cedcdadbfeaaef,fafcbfaefcaf,-8665195135406567137
2-333,fadfeabeebc,bcffbafbdbfbafcb,-5344012718281077936
2-334,bedcbffaabefa,babbdfcdfadafb,-8576539211233371397
2-335,bfdbcdcbfe,babddcaaaaefeeaec,-6437069775675937236
2-336,acdceebbbbf,fbabbce,-8824896431299827710
2-337,bcececbdfedb,dceffebbdafbf,-4942380483452652301
2-338,bbdcdedabed,cfabafdaaaadfbddd,-6452908064165237296
2-339,ebadecbebeccbf,febbabbacfefac,-6015402850801695932
2-340,dfdebdbffaaaacfec,becfaabeaddce,-8442880890000748958
2-341,deaccaeeeccaec,bbbefcacffaed,-8598224499191030227
2-342,ffdffeababaead,efaadebdfadf,-5969545782501593614
2-343,cfcbbcfbbcacff,ebfbaaaffcfd,-7734313949146365995
2-344,ceaed,fdcbcafbdddd,-5818027582317275763
2-345,afcabcbdbfaaaf,ddebbedbfbf,-5299912920195430209
2-346,bbdeffaafb,bafbfaffafdafb,-6487571269747843301
2-347,faabfbfcccceaf,ddebbfafef,-7568242982903091454
2-348,dfdcebdcfed,cdcda,-9164044763170076125
2-349,dcebeffbbb,babaaebfacdd,-4644837381687289898
2-350,efbcffeaedcb,cacaaeabeecb,-4689314805793536731
2-351,bdafceadea,feaccffeb,-6022435769171149301
2-352,dbbdbbdaec,afabafcecaaefa,-8188493668350496710
2-353,bcacdc,abebbccaebeee,-5881040607940891058
2-354,adfaeccebfaaf,ffcbeeefcaff,-6997941265144452353
2-355,becbeeaebccebda,acafdfdefdeaf,-8507502150868077741
2-356,ebdbecbfc,edeccadcdfc,-5937964715170806192
2-357,cceeebbfedafacbbde,caaedafefda,-5769339282546924950
2-358,adbaedcbdcdefdb,cdccbbccdc,-7199367133165810237
2-359,cdffcfbbceb,cebbddfddbc,-9011555116699774523
2-360,cffeaedeaedd,bcdbeaededa,-6842676604529716201
2-361,bfefbacdbcf,bcbbaeceda,-8978131075375239798
2-362,dfeffbbfdcf,cebaadfaa,-9149556304385513852
2-363,fdebaebeafdff,ceafccefbabc,-7536606786401682408
2-364,bcbbaaaabb,fdebbccaabcc,-9117604264010010420
2-365,ccbdacbaddcbae,cddeadbacbefc,-5721919217966582583
2-366,aedbcabece,cbcceefaddf,-5944356358991047665
2-367,fbcacbe,bbabcfcfd,-7134788126602461801
2-368,acdeadaca,beaeaefee,-6782023083677419618
2-369,cfbcdfdcd,adbebdbcabccee,-6219095303857050044
2-370,bcaeadedfc,fbeeafaaecbf,-6309640218852253852
2-371,debacdcaaef,bdadaeffbde,-5866096863547125278
2-372,fadafcbadfa,efddbdbecafbf,-5554774767023555745
2-373,bbeabbdddf,bdabfbbefffc,-5366916160141129632
2-374,baefcaebbbca,cdfbebaec,-5124705767132859156
2-375,dbeccbbcfa,bebfdbcdbacd,-5668126074647492141
2-376,dccdbfcbf,bcbaebaacedbf,-8798139602246379329
2-377,fdaccabbbcbcad,dabbeecae,-5449756852629566749
2-378,bdddfadccfac,abbdbcadbaf,-5964027419256555984
2-379,dacdfacabefed,bfbcbfdcdaaabf,-4621585530852037953
2-380,cbdecfdceeacaaeb,dacfdabfcaa,-7910503307999573336
2-381,bceaebedebd,adafeeab,-7456656687548116469
2-382,adeafbbdbacfb,cbdbdbbddbbda,-5537811418476457047
2-383,bafeaabbcfaa,efeddcbaaefbee,-5043839199428325074
2-384,ccaaeacaeb,aaefbaddafdcf,-6666100829394714123
2-385,fdaaaf,aebebf,-7475947226260070552
2-386,bbdddaafbaeddbdd,fffeceaaccdffbbd,-5994995311242960819
2-387,ddfabbfbdabcaeafa,fdbaafbd,-9211433031076351043
2-388,dbceada,ebcfcadbcfffceaa,-8340840293062088026
2-389,dbfadcfceeebbac,aaddddeaee,-7129956631385715122
2-390,dbfcbfbdedf,cecdfaecfaabaca,-6146986217750222799
2-391,abbefbdd,aecadcbdad,-8326826017094923936
2-392,bcbfefabb,dfbacffeeeffa,-5984440676213682182
2-393,cedacceaedbdfc,efecdeef,-8345934261107389964
2-394,acdcdedd,abdaab,-6169288050208032727
2-395,bcafebac,cabeacbcab,-6230506567918377803
2-396,caafcefcae,cdcbccceafbece,-5792786049307343202
2-397,bedbaadfb,fbbdbafcdbac,-6200845054267798612
2-398,febeacec,eebedbdcace,-5095580517088771354
2-399,fdeabcbdb,edfdacccf,-5995376921390000048
2-400,abcdbabcde,eaacdaafaee,-7378686605007671575
2-401,abcddef,eedddcc,-8908927786072941492
2-402,dfcfdeffbdabfbaabd,ddfdbeaceebf,-5194332364674788161
2-403,cdfeeeaf,dedbfdebd,-5336690636155019587
2-404,abecffcec,ebaaebc,-5453819471012784045
2-405,bbbbbcaceebdacc,aacdcbaddcb,-5010292921240865175
2-406,ebdddcc,bfeaefbeca,-8652497557236115038
2-407,fddbeadbacd,dadbcefadeccdc,-6551869044179563069
2-408,baccfffbadecbeac,afdbadecffda,-7614990141339911718
2-409,fbeadbcbeceb,ffbabfe,-5548251040057172098
2-410,daadbdacdcc,efaefbfefada,-5683573096781075190
2-411,befeaceffaff,fbcaebbef,-6204786315559087631
2-412,addefaaccd,bbaaedddafa,-8676996904092285958
2-413,edfbbeffbc,deadebafd,-4973891329510275475
2-414,bdefedfd,cffdeadcecaddea,-7485324139954316822
2-415,cdabcaaadbfad,ebebbabdcaaca,-4990661104958686607
2-416,bafeaebcbeccf,cdcebcbafcdac,-9101300778690319812
2-417,bfefafeede,fdfacbaeeaaaf,-5357619314010032603
2-418,caedbdadfab,feebdcdfff,-8347323116712228449
2-419,cebddcade,ebafdfbceecdb,-7244664650494847308
2-420,efaaacdbabcabacdaf,febebddbebbe,-4767042287316650226
2-421,dbeacfeeaa,ffebfbcdfc,-8923953804544057460
2-422,faaadddacecffbfca,ccfbfafedbbefabeaea,-4685301454269927774
2-423,fccbeebdebf,bedabcaffbfcdecaead,-5584678085402404141
2-424,bfbabfeaaedffecf,afcebddeabecbacd,-5265750689643900368
2-425,cdefaaddefbcfabdd,ccfccdbdaefbf,-8611383764332250127
2-426,dbaefaabde,dbabbfaffddc,-6631000603267441661
2-427,cfaccca,bfeecbecefb,-5589508355372389597
2-428,ecadfabbfcfc,edfdcdfeafbe,-8295654414950102041
2-429,babafbcefae,dbbbacdefbcccf,-4999876341436461244
2-430,facdfaabdaffa,bbbbaeaeedfa,-6852971688058553740
2-431,eebdcaebabeb,fefddfddabdbfabd,-6901946903712147523
2-432,bfacfbb,cdcddefdacaef,-6929161110932593902
2-433,daabcabcbcabbe,eaeeefcfcedabea,-8313970086219384598
2-434,efcabcbff,bffaaebbbcf,-6274908894498797665
2-435,ffceffdfa,ddeabeefbac,-6863901550235239744
2-436,dfbfbaeab,acafefafedae,-5771781997850295154
2-437,cdcdafacddba,fbeadcafddadbe,-8550339379392176541
2-438,bfdccdbcacfc,bbfcacdbdd,-8321578880200335913
2-439,fdabdfaacccf,edcacebdba,-4776835618662039158
2-440,fcbaebafceff,fbfddccadb,-7409542363491908592
2-441,eaecaccfdada,ebafadadabbade,-8886961772424255006
2-442,fbeeabaac,ccedbdadddbcd,-4804023735733696299
2-443,cdddcaeeaccecd,aafcd,-6664425296894112443
2-444,ebbcadabbbfbdeab,edacefdbbcfd,-7442690366073744029
2-445,ddfddabfaf,bcbdbcefdcb,-7170020818762128970
2-446,adbbfacadffb,eaeedbc,-8799518502751320684
2-447,baafbafaddbd,cfabfeacbeec,-6821897834583937444
2-448,daacbfbf,cbccbbaccded,-9123776632304093736
2-449,fddfeefbbefd,dbddadbafadbeb,-5035114875707651179
2-450,abcdfaafbdeacccbaf,bbdddaefeeb,-8176018406498574245
2-451,dbdcfaefde,ecbebbfdec,-5735419260518365156
2-452,bdadaddda,acffbbfbefafda,-5741492903854744974
2-453,aaacebedefbbfaa,caeaafbcedaac,-7035406970710637784
2-454,ccfdcddbcafb,ccbbaabcaeabda,-6648325108867059494
2-455,aaddaaddfc,faaabefa,-6797731319337652390
2-456,cadecddcdaefaa,cbfdfcacbea,-7743327639273831257
2-457,bdaddfdabbcfbd,ecccccdabfdedfa,-4623382752677763934
2-458,aefbefbedaa,afbaecddfb,-8943086056304814341
2-459,fedabcbdaddeeba,fcbbfadbeafbb,-5165472323008656456
2-460,faadbbcfcdaebac,adfaefbef,-6950424796617996173
2-461,ceecbfbbfefeabb,eccfddfbdaeabeddf,-5080842481898169025
2-462,cfeabbfbfcfcbded,ceabbbfdafcb,-5669258472294945900
2-463,efbcbfdf,efeaacfee,-6896483894443317883
2-464,fcabfbccbbceda,defceebfefebca,-4677569299841200989
2-465,ebdcaafdde,faceddeacbeddcc,-5111056295935163516
2-466,cddeddfbdca,bbabcabaaadfdcbe,-8490782893318819218
2-467,dababcebfde,afeaaaacfcadcaed,-7696713690486544424
2-468,bdceccabcaff,bfcaacfafbe,-6916698511123598530
2-469,cdeebcedc,fcebbbcfeddfbb,-4828306475485251788
2-470,fcbecaff,cefbabaaf,-6758952971854527757
2-471,ccdfacdff,dcaaedffec,-7017379870675637150
2-472,fefaafaafef,feeacbaaacacfa,-6194127571045518726
2-473,cdcadcfeedaae,effaeebcbcbfbf,-8319410698426123393
2-474,efbcf,ddbeddfcdbbeb,-8699753969104734618
2-475,dbfedbffec,beadfdbdaabdf,-7807816766423800059
2-476,fbcabbbaa,acfcedc,-7683095541688955453
2-477,ceebcae,dfbaafbbf,-5825896149289332973
2-478,becaafe,bcdbdeeddfa,-7021857457178435702
2-479,adbccaadaaadb,dfcbacaecdcce,-6003765814225220383
2-480,ecaacdafeedf,ccdcddcdeeda,-8255547341196477920
2-481,eeeafddabcebdf,cdcbeedaafbaeae,-8893025851548127570
2-482,aedcccbdcaedcf,fdbaefefd,-8658640071719589891
2-483,abddaace,dbdacbcafdba,-8107175026698483193
2-484,edcadacbf,dcfbbb,-5505874838365576687
2-485,cacceeeeb,cfebfdbe,-8865553758450762167
2-486,faeaaeedd,dccbdfaefaaf,-8036049429198529873
2-487,acdcceaeb,dabfeafcc,-8925816011315428059
2-488,eeadbffaacea,dceefabcbfbdbb,-5061846987389072570
2-489,fdbdcafcdba,afbaadcbaceaa,-8544546208077104847
2-490,bbaffcbdddc,ecdbeafac,-8688969831780203424
2-491,bfdcffeadaaeecf,beedcdc,-7912486640598528568
2-492,dedbdbcecbab,dabeddcaaebcc,-6739772180257498068
2-493,dfacbfdc,dbebcfcadcccf,-7287942139340050560
2-494,fdfcbddbcdddce,adbefcdafaede,-8713031677406155290
2-495,efcebadbeab,bcedfeafdcfcbece,-6847624905244623154
2-496,fcdeeacfccec,ccdecebacdc,-7036025593638302263
2-497,dbaeeeadfe,abffabbab,-5148932367675084400
2-498,beeaaaadcdb,bdbbbfacbd,-5642096114262493427
2-499,aeeeaceadaabf,dfccddaedfdcb,-5845830313908277045
2-500,efabbfcffc,bbfebfbceadb,-5490270431439873144
2-501,baacacbaadffd,ddabebefad,-4687060247826148751
2-502,adaffbbebcceade,ebcedbdafe,-8706171985629405330
2-503,ecdfeefecfba,edceafedec,-5769915718650010345
2-504,dabbbbfcf,ddcfcccbeecea,-5295134481927707510
2-505,bdabacdadd,edeabfacbdde,-7569239483705627079
2-506,aabdbbbaaedcf,bfaebfebbfdb,-7959959476109493431
2-507,baeadfdfcdddadd,eeefdcbbeaac,-5726560115930549428
2-508,bdfcffeacddede,dfbbbfcbace,-5452686243522077053
2-509,dbaabafada,daeccefbadedeb,-6710770908675046600
2-510,fdacddfaaa,eccdcbbbeacf,-4918311011682799118
2-511,bfbfbaecbfe,febbbdabebc,-6330605437482449369
2-512,edebcadcfaeafae,aaebbecfc,-8726366674199932989
2-513,abebefbcedacba,dbcafcaefdc,-7344138860473418298
2-514,fbebedacb,abfacfadab,-6014480132346964821
2-515,bcffecaeadded,cdfffacbfff,-6001538447247323281
2-516,bdbffcadffbde,eefbadcbbffebd,-5407417669492843230
2-517,febbbbfabfda,bfdaaebafacfcea,-7735971354269200735
2-518,eadbffdbacbab,daadadbcefefb,-8293674606371337439
2-519,ceeacbcedfaffecbb,feecbddfdfb,-4802704861257440907
2-520,feccdcdedbf,bcffaabffcdfc,-6328683593199565113
2-521,dbedb,ebfcfabadbaf,-7876047175926046224
2-522,fdbbfeafdf,cbdbbcadcba,-5419345733484914378
2-523,cdafccbfba,fccfd,-8722116615238807504
2-524,bdfaeafbacaeee,afabeedeb,-8672034106665370085
2-525,cffedcaae,baacfdebecc,-5524159507171892441
2-526,ebbfcfccc,addacecde,-8919728305765071787
2-527,abefbdcee,ccfbabfbbcaca,-6054037902642736894
2-528,feeacfaddfac,bcbfbefdffbd,-8603567007186503379
2-529,bccbbacdafea,bccdddfeca,-8138434008681250022
2-530,eaabbbbcdcfae,ffcbbbfeabcafee,-7743176726026133020
2-531,bafdaaccafada,effaccddab,-7852359719255518549
2-532,acebad,ebbecaeebdefca,-6995434013970153055
2-533,ddbfacfbcfaa,ccebcaeeabe,-9215298769247427394
2-534,efcaaeabcbbc,dcffddfae,-9091571958706149084
2-535,fcacaebae,dfcaeadffadcbe,-5957150753781392194
2-536,bbbcfaefdfc,baadbabedaebde,-6791750501801402775
2-537,cfaececeafc,eefaebdd,-6492694513689466467
2-538,abadadddbf,ffcddfdedccf,-8009759385070417934
2-539,afceebecbba,daaebbbfeebcf,-5602691139066343549
2-540,ddcccaecce,eeabcbbbfcbebc,-4665336427991368884
2-541,eecaffecbfbbcb,dfefbaadefabb,-6136751364087851845
2-542,eddaaeebfbcf,ecbfafede,-6633711412477151586
2-543,bfbafffaeca,bfcbaaeefcf,-6517138641364695681
2-544,dcbacebefbeab,beacbbfcbcff,-4953689347648498177
2-545,dbeeeaccfdfc,cbbbebeecefc,-8377048358497354697
2-546,cbabedfbecdc,ddfdadceeeaede,-9128265516070572322
2-547,fdcffeadeacbe,aaeaffafdfaa,-6399776324889959915
2-548,acadcaceedbb,caddeabccabf,-7972852644574087921
2-549,adadaff,bbbabaeee,-9208287911585782476
2-550,fccebcbfdbabc,defdbdeceaaa,-9188083462334436774
2-551,cdecafbfbebecc,aebecaabea,-6819706006115022985
2-552,cefaabaafff,debccfedbece,-8899442997331089069
2-553,ecaedbe,afbabaef,-5735007479176581569
2-554,bbcedfbbbaf,deecdafbabebabb,-5500282596863800439
2-555,caffeaadebc,aeaacbcfafcffba,-5323026405536452086
2-556,feffafceed,ddcafdaccde,-6197769324112089629
2-557,acefeec,fbadbacbcecaff,-5490282478703741807
2-558,cbfdaccfaa,efeaabeddfa,-5467694967065435832
2-559,cadbfdefddbfef,eeaccacebf,-8295028298431139064
2-560,bcffbcabdcbabf,bcbfdbbacadaff,-5031455775499794865
2-561,fcddcbfffcca,daddcdadaaeac,-5978061563709591264
2-562,dadbadeb,edceafbadcfbdfd,-5968246423524442154
2-563,dabddcbfdefe,ecfbdbbcdaafebeeadf,-6692376869361332478
2-564,cfadddebfae,ccaafadbafbaced,-6559015280433324819
2-565,afebeedf,cfcbabdafcef,-9058473214322740717
2-566,afefbafae,bfeadbccbfaaccefc,-5615441855892369668
2-567,ddeeeabbfbabebccfdc,dfbcdbbcccae,-7220248549998353437
2-568,abbde,fecefdeae,-7760248351664488402
2-569,fdbed,bccafcaaff,-6259923673193437596
2-570,ffcdeacafaadbc,befdbdfbefea,-7124136168385108426
2-571,ecbbcfafebeacd,dcefeabe,-8210041150618943882
2-572,eddddfdbcceaf,baecdbbacebfcd,-4931259285449503535
2-573,afbdeadcdaf,ccdbcffeccad,-9155423400265948567
2-574,daffeaaea,ebecfbdeccabda,-9118207268684049757
2-575,afbbdfbddbaa,ebccccdd,-7976590296356776936
2-576,ddedefbdfafdcffe,feaedde,-7432959942466719106
2-577,cddcfbebdcbcfe,aaef,-7020755292501036655
2-578,abdaeaebcaddfe,ddcceadaeafb,-6318118261876450560
2-579,abadebacaeaa,fdbffceadfbd,-7037539239413703728
2-580,aaefbccbcfbeaace,beafbdaeeef,-6256024262187016456
2-581,ceeccefa,dbbeafdbfe,-5775773923799914523
2-582,deeacdebcbcafafcb,bdfbaaabd,-5171633547207952781
2-583,faedeace,ceacecedbfada,-8152656575512013454
2-584,edcbfbbeddef,ceecdcafeec,-5769655100367923339
2-585,faffdfabbebaaaf,ddfcadbaeefeecc,-8939758630238537524
2-586,afccbccedfb,bcadbfce,-7370033476203418072
2-587,ccbfebfdfe,deabdacbbfb,-6503001392141686773
2-588,fcbefbeeddbcaf,baffbbadbb,-4999760678591744844
2-589,afdadadabeeefcb,daabcbcfddde,-8858632067570924575
2-590,dbbaac,caeefdaaaebbd,-6202701767348123899
2-591,acefcbebbefd,badadaaaaba,-8441546449834665542
2-592,ffeafabebbfabaa,dbacfbfddacf,-5479515745276409441
2-593,aaaaaeafbafda,dfcebbdadda,-8930526306613556672
2-594,fbeecedfcb,faedacec,-8501972381277543700
2-595,ceadfadacfd,cdadfbeeffe,-7907968075596201239
2-596,fdebadaeabfecbf,cfbfaecba,-6371152274247145385
2-597,cedbabeadae,fabdaebbafccebd,-5856005221716008003
2-598,bccffedbd,ebccbbbcaade,-7397966364400128658
2-599,cfbacbefdd,daedeafcefad,-8463959391853713875
2-600,edbaccadfcf,ebcdedcaefbcb,-8254036339164201845
2-601,bcabcbabf,badfecaeebbebcbbed,-4719672093615186636
2-602,acbceefadb,dbfadcedbccb,-8027143232833931373
2-603,effefabebbfaeacf,bdabacfeb,-5315782000033660437
2-604,faebedab,faedfadaababeb,-7864962036851283177
2-605,dcfafafafbaeebab,abfbfaf,-8649241746903814381
2-606,eafbfaececfafec,dcfabee,-7532829327684082651
2-607,dfaeffabd,daaaaeccdebc,-9134371664829936519
2-608,fbdceabccfecb,cbccaadbaeead,-6135233499127438451
2-609,fbddeeebaba,aadcaebbaecb,-5541378449352742709
2-610,acbcfcbcbe,faafdbebfadafa,-6236119312666986588
2-611,cadedabaebb,bcbdcaedfafe,-6493541991708295679
2-612,cbccaeaabebefab,cbfcefaabfba,-6239836516875889549
2-613,dccbbfded,fcebebbbcbccd,-4858901577468462003
2-614,cecafaaedadb,cbadde,-9145120831219350749
2-615,abbaeaeaef,bbbedebbefafdc,-5530712630990218093
2-616,bbaefadafdcdfdc,ddfdcbddcdbddef,-7508238674009202273
2-617,ffdbbba,afefefebbcd,-7031325430794865920
2-618,cbaadfaeadddcbec,fcffeddc,-7002178971212375608
2-619,abbbcadecba,aeddbcafdea,-6705539236359157133
2-620,fdbddafbaabfdedbb,fdcdbeabdbde,-6505659130970616346
2-621,edcacdcdee,cbcefffacabca,-6745375556264050582
2-622,bdbbffaca,cfafbaadfabb,-5957430781284861692
2-623,defbeabedefeacaedd,bfbccdae,-8694879639294620008
2-624,ebcaabdebae,ccdadafafccf,-6449427991657604913
2-625,ddddcfbfafefbfae,deeecbedbccae,-5602376281072410493
2-626,fbaafaddadc,ccacafea,-7317048160740792984
2-627,afbacecdde,fbabaacacfce,-6498886556209572754
2-628,ebfcbfaa,ebabceebaffd,-7231805769316801323
2-629,cdacbdbfcceca,adbfdedbf,-8917846468028260552
2-630,badaabddeebfa,edeace,-6816438809527752863
2-631,bddbebcfeebbc,fdfdafbade,-5462139970131168888
2-632,bfebfaeac,dfbbeafeede,-4708967305463277600
2-633,fefdaabaddbe,edaeffcccddc,-7967780316527186468
2-634,bbaefdaebffbae,bbcabde,-4762801619860966567
2-635,cababeacfbe,fceecaccabacacd,-6433915793313788601
2-636,bbdeacbcdccec,afdacefbfc,-6011335803338811908
2-637,ccdaccaca,aebfcabfbcbbafb,-5324350211456987207
2-638,aeffadecbaa,aabecbadfcad,-7329769953940957043
2-639,defeedaaef,bccebeefae,-9111258993784765066
2-640,dfbedcbbae,ffdefcfdacabf,-6887092133711830225
2-641,adecddcebac,bdcaebbdfeccf,-4946676507730546137
2-642,abfddbedcfcfa,bdfceeecafb,-8193936923510720984
2-643,cbbaedbe,bbcddcaaadebaede,-6710721731342497906
2-644,aecdffafbde,bcdfcfb,-8537530785478609557
2-645,feadbbcbbfe,efdeaaefcbde,-6132398576296401512
2-646,fceefcaabefeefd,effccabcec,-5323141760804814399
2-647,cfacbabc,aacfdaca,-6312470184687016550
2-648,edbaaececcf,abdccbbaadedc,-5764577102436995648
2-649,daacdabcabdaa,fdfbcaafe,-6690478418767147408
2-650,efbafbcdbdead,bdaacdddf,-7143518098827148977
2-651,aaeebdacbfa,dbaefbedee,-5400311249138322284
2-652,faffbbaec,fafcebbafccaaa,-4933399866072585567
2-653,cffeccfdcdefca,daddfcfccdadbc,-9168379328129552964
2-654,fcdcbcddbdebace,dbefabdfbbd,-6659770573724162163
2-655,facddb,dfdcebc,-9072701824081349178
2-656,dafddfdeeefdbdba,bbbbbddadcab,-5960717338828097415
2-657,fdcbfbebfbc,bcbdafdaffbf,-7937008962719754049
2-658,ddefaeacddccedbe,faefdeefeabfefda,-6902880100029572790
2-659,eadffddcae,aeeeeefccbae,-5024184811344850127
2-660,beaacbaafcfcbc,ebcabcabafcca,-7166710265387675382
2-661,bffcabadefbbed,ebbdcebeaaa,-7358391201530666841
2-662,fafcfaafebc,caefcacdbfabc,-6499384780703465028
2-663,aeaaadbffeabeb,effdeccbafabb,-6947882554878545357
2-664,fccbfbeceadb,dbfbedaefcfbf,-8146887689401326785
2-665,cdcbeceadfed,dbfcddbdabc,-7611799307571969648
2-666,ededebcc,daff,-8486885754626764296
2-667,bdbbdfeb,deabacaddb,-5139657562897171644
2-668,ddbbbabdbbbbe,eaafeafcadcaea,-8791971422042477046
2-669,dbacedad,ebcbabefdefcacaadbb,-6760842401351681615
2-670,fdadffdbbadfd,aeeeffbfae,-8072938380258565202
2-671,baddfbadcafacb,ebebcbadd,-5972528375000897532
2-672,baaeccacbabb,cbfbef,-5730863232214595820
2-673,ddffbfaadcecbaabc,bffcdbdadddddf,-7321489767863643425
2-674,ebdfdaafbdd,eedcbbbbd,-8974658640486679199
2-675,cbceacfeaaddbcbdfec,eddddbfffef,-5327133312589283809
2-676,ccfaccc,ebfcecbdcdecdec,-8584392147535648460
2-677,fdeccff,bcbaebbcadca,-4915070877170840416
2-678,faddbdaddacbdcbed,edbcdffcbdba,-9152237852930915206
2-679,ffcababcbec,faaabeafdaacb,-6561395792283252556
2-680,fafaffceabfbbc,bcfdacebaffcbdc,-9178066699761918969
2-681,abacecdacdffedd,adaabfeaeed,-5903566798266118096
2-682,adddbdbeadaeb,bfbadfaacaeb,-8463277830092770749
2-683,aeedacfa,aecaeedc,-8818484772677803579
2-684,bfebdbebebcbfd,acbcdefcf,-8971751251880095499
2-685,aafacdbdfcf,addeafceeabedb,-6359560362944859896
2-686,abefccf,ebbdfaceec,-6033943521333967380
2-687,cdecbfcb,eadefdbbfdc,-4657521057360944068
2-688,affeccebeeffefad,edcdadddfdbac,-8253289226534410148
2-689,fafcbfffddd,becfeadecfbb,-7789873480970056814
2-690,ccaeafcefaeab,dcccead,-8185714038537135742
2-691,bbdaafbdadaaa,bffdab,-8905464445135091685
2-692,bceeeaceafbfffffa,ecacedbabcbaab,-5011173589657209198
2-693,bfeeefeefcceac,dfbceedaef,-7084565170117114265
2-694,defeaebeeeb,dcfbdcfbd,-5200311813707109079
2-695,ffdecdeafceba,dbcfcafbebff,-5721286598480938761
2-696,dffafbccdfe,cfabaebbfbffbdbec,-5046073310333117460
2-697,affabadca,cdacaadcaeefb,-7749786354565507919
2-698,dadebbcdbffedfe,fccdfcbfaedcbcfca,-8796279815768967734
2-699,dbdaecceaadabbaaf,afafdcbabdadfdd,-5535577699814379305
2-700,debeafedeecc,bcbbd,-8403345182879394775
2-701,bafedacabefc,afabfebbc,-4618086156661063284
2-702,dcfdcba,fdbccbfcfdfbddbd,-7395032948049658623
2-703,dbbfedbacbeaa,bcbeeefeafcfbf,-7340245483685348366
2-704,fbfffdbe,dcfcafbfdfafd,-5188989020709902307
2-705,efdadbed,dfeceedbefac,-8005034856168381620
2-706,ebfacddebceecee,cbbdcdabcdbc,-7343763759328478154
2-707,faeabaeebbd,fedbbea,-5497512890152381184
2-708,cbdafdaebcbbffc,fbffdbaafab,-6439251255204728027
2-709,efeabfccce,fccddee,-7126831985434939823
2-710,aacefddecccac,bcceafbbe,-7012252881085430295
2-711,adadaadeba,eeaedcaaadaccb,-6891218154309433141
2-712,bbdaebdca,effbdefdebdcafefae,-5128821865216727890
2-713,cdecaffceebee,dfccfffeaad,-7378724131960780115
2-714,bafbafede,fdebbbfadbbd,-5463998355959457533
2-715,aacddbbcffceea,dbdeeaeeb,-8202908043094594779
2-716,eafcdacebac,dfcbdadba,-7152378056195466647
2-717,dbefdaafcaedd,adfefedacdcd,-6430053525171137004
2-718,cfeffaebc,ddcbcdedbcb,-8923498745713671925
2-719,afedbfbeabef,aeaaabaaeda,-7324291853486489032
2-720,bdacaffaabbce,cfddafdeeafbafbd,-8903441985718087491
2-721,bffbffdbbada,eddbbaeddecbceefb,-8279341473013042613
2-722,fbbaccfdcaccf,bdeedcaeafefdede,-6980876149398659612
2-723,edbcbbdecdebdbf,eaebafacdac,-6632506356323350356
2-724,fbedabccabdbaaaebc,fffbabeee,-7668325361540403698
2-725,acaedafdfacbb,faacdfdebfeaafa,-4681722408797381894
2-726,cecbbfcafde,ecabfabbac,-9028164245440615295
2-727,caacccbbcaaa,dadadcbffcb,-8416542572662408053
2-728,cdafcfcdcdbadbaed,cecbebbfbbeabddc,-5543392273022204048
2-729,dbdbcbbabdacfedebc,cfaafdeadffc,-9163725133867681284
2-730,beaafcdacfab,beddfbcbdc,-7543235597989768251
2-731,febeccf,edfbaebdfbedcc,-5239810356877080122
2-732,bdabaebcebee,cddfcb,-8992526907409550059
2-733,effbeddbbdcd,abfbabdea,-8018819766625500250
2-734,ecfadabcedbf,edfdafecb,-7481887974676621717
2-735,cadcbebbcffafab,bedbafeacdfd,-7386996351485781663
2-736,aedeeddbafcdc,bebeaaddae,-5267133885561606738
2-737,fcdcbbcacbfbfda,ddbefbddf,-8524622674276703979
2-738,eebeeeadbdfbedb,dadbfeedeca,-7358238314323991033
2-739,acdafbedbbfddba,eaefffaebbaca,-7349971767723066678
2-740,debaabfdbcaccc,ebedfbddacdeb,-5229367818894763680
2-741,dfedcdccbabdbdf,feabfaecf,-5250315977256694625
2-742,bfdfacabcce,fadbdfabe,-5557575378775887392
2-743,ebaecdebfbcffa,afeffbaad,-7316934885097720568
2-744,aedaccabceefdbc,ccefebafeabefdab,-6794737356400732494
2-745,dacbdbacef,eecffcfbacdef,-6214636305540694186
2-746,ccbcfeeeaa,eaeaacebefbece,-7022263056084012402
2-747,bfcdcccceab,bdfbcaccb,-7199493936553506888
2-748,ddfeab,bbfbaeefffcc,-7016872144337597383
2-749,ddbdfcdc,dbbfddebeffcefb,-6983925656419870427
2-750,edfefcbbdfb,abfbdeff,-8370733196199201007
2-751,abbaeddc,fbbdbdadbed,-8671167081168141235
2-752,eabebbdbede,addabcffdea,-5729688056175375837
2-753,afebeceecbeabb,efafccfbac,-8937457504663278676
2-754,ddbdacfbc,fdcddabffafaf,-6359098411960543164
2-755,ccbfbbdfdbda,eddefbefbfddc,-4624502100032700044
2-756,eddfdeef,dadfeeddfbf,-8858899345139417257
2-757,daad,cdecfcdaceecac,-7597178108526015807
2-758,eabdfbaacedfcbab,aeaae,-8460256596740647672
2-759,fbabbfbdd,abaffaaaafa,-6176344278021178767
2-760,acfcaabcfdf,afafeaaceaae,-9154547100505167129
2-761,bafdcecfabbfdfeae,aaabeebfde,-8390630259723072025
2-762,dddeaabfcd,fbefcdcdaaab,-8228910343260886349
2-763,cbcbcdbcda,dfaebdcdaafbbbf,-8255993494453371919
2-764,efcdeafaefbb,dfefcba,-8209198969892603094
2-765,bfceebabeacb,efbecbcdffdba,-7767932140186956889
2-766,bccdaedbcbdfc,dddbbdccecdfa,-7105053148891787782
2-767,ffcedcaaeeab,bfbbaebcdaceace,-6051172881626878363
2-768,ccbfddec,fffeaadacdbe,-6711838612171906475
2-769,cfdddaad,faffcaecdddcafcd,-7156557057887670323
2-770,ddceadefdec,aeedcaecddebe,-5869076710272445794
2-771,eddafeabfdddd,eceaecacd,-7049258755631687800
2-772,eeaaaabbdbc,cdbccbbadfbbca,-6424964002978958710
2-773,eefbceaeeadaae,dccabaaeddcdbae,-5896020957737403762
2-774,eeccdabbbddcfc,dcedbafabbdf,-6904253901912687649
2-775,dfdfaebfaadca,dbadbadffc,-6619273956782092436
2-776,ddebfaaff,accdaebbdbd,-5866023999703807187
2-777,cddcdbefbaffefeca,abcdebfcbaad,-5503456292225580883
2-778,acfbbefbbacaae,dacfeeabf,-7458394088919617292
2-779,dadddebafcdb,ebebeacbfab,-6822448652382219157
2-780,bfbebbdfcdcaf,bbfdfaed,-8581480652289707944
2-781,faddffcebdbe,cdeabddfddfa,-8189024203233161305
2-782,ecaeccfabbff,dbfebbdbdbcedebbbe,-4774680582557155823
2-783,bfdbcbabffdd,fedeccaddea,-8514098563995754089
2-784,adbfabbccfbabeb,caccdcccaafb,-7943289149347285964
2-785,cafbeaffdb,cdfccadded,-8909713815289827795
2-786,efdbaccfecde,ceeafefedafbacead,-7057815346941866323
2-787,daeecbbcffddea,edddfdeebefe,-9220026249254460791
2-788,fedfabcfedec,bfaaaceefda,-6046951245935017254
2-789,becababccbcb,bdccccdedc,-7791557718290937513
2-790,bdedfbcd,facabfaeff,-4667373952632007945
2-791,ddfdeadaadeaebfa,eacfdbbcfccfe,-4888868975141915266
2-792,facfcaddbfbf,faadbdffeecc,-7785326969571864372
2-793,aedaedddbeaaaadbfa,adeefdcbab,-7105049342460120055
2-794,addaeacfbbabfbe,eecfaeaafe,-6194398649001310862
2-795,aeefbfcedbfda,bdabbccaf,-4864973320296638895
2-796,cfedbfedff,bafcabfcfae,-5664981820734764626
2-797,bcffbacfbdf,baafdfabaeffe,-4979961720331923487
2-798,dbdeebbfeaa,aacecfbfb,-7699991874659733578
2-799,eeabcabbbcbe,ebdbdeaed,-4792216802322790698
2-800,ecddafcbcd,cbfbfedaa,-9193837951075507401
2-801,aecfbdadeffeacf,bedcddcdb,-8296350911391591829
2-802,effebbbfaecacfdad,addaaadab,-6741279230857323925
2-803,aebffaeeeff,ccfcbcbafcc,-4848306894370230078
2-804,bfdadcafbd,bdcbeaafccd,-7745849651113409640
2-805,fcaafeaecbeef,caffeddaaebb,-6168412383130962862
2-806,fdaabae,ddfadadbba,-6280714933610470364
2-807,bedfacea,aadebdefaca,-8057755674296858518
2-808,aceccaccbfcdcb,aafefdfdc,-7421581197676355213
2-809,ebffdcece,ffafdfadebc,-8803823603011700282
2-810,eccedcdcb,caebbaa,-5527226637389522410
2-811,dbaecec,baaaaeceac,-8172690913035273098
2-812,fbcedcfacbd,ccfcce,-8573877533823132444
2-813,aacdadfadcaba,defdeecaaaec,-6181280410639465886
2-814,bfcdcbdeddf,ddadadcbeefbeeb,-6997474843319473685
2-815,ddacdfcdbc,eeababcdaeceb,-8343250713802563914
2-816,ceddeaaecbc,edeadedeedaba,-9070215706920183622
2-817,fddcdaedcbddcee,beaddaaddaba,-7324298844729738619
2-818,dfeaeebbfbbabe,eaddefdadfaeaba,-6422237615465268874
2-819,befcddadfcfd,adefacdddc,-6903344446955726904
2-820,dcacbaeba,aaaefabccbddcdb,-8251417544676553287
2-821,fcfbfdaacedbbccca,dceadbfce,-7834785847435533758
2-822,aeadafbd,afbbddabcebffc,-6576242768010804937
2-823,abacbabcdade,ccdfbbffcbacfcdba,-5040530988831876214
2-824,eedabfaedee,ceaeacadba,-8343909515901175212
2-825,cceaddddefd,afcfecea,-8179574320725142877
2-826,dacfebcaafabade,facebabafefa,-6112794045178469835
2-827,edebebeccfeec,bfdddeecfdeff,-8686829175446838017
2-828,cfcebdcbfafb,beebebbebf,-4908914650446334463
2-829,dbafbcfcdac,dcbcacadebaabbe,-8566343838762748290
2-830,cfdcdffdacaf,caadfbeefb,-8665350075155640141
2-831,cdbfbedacd,defbdafbdcecfa,-7278981464044580198
2-832,dcfbdfbadbcebdaee,cdddcaebdb,-8950443364790315717
2-833,cfbbbaecf,cbedaeffacddac,-5991877850905074495
2-834,fcfddebffeced,bceffedcca,-7971867096565897880
2-835,dbbafaeab,fccaaebbddbcfc,-7948644590692351613
2-836,acadecbeedcddc,ddfbdbe,-8401344660530230978
2-837,ebfecbcecccb,dbccddffb,-8260181840629269677
2-838,fccfdbcdf,beeafedcffc,-5769826015420842909
2-839,cbdeff,cfdaadbcbadb,-6670512497365427370
2-840,ebaefbacfeefc,dccabbdcbaaddc,-6594870516349907900
2-841,ebdeedfeabe,fffadbdfbac,-7217874502783909460
2-842,bdfbcdacfa,beffccdbdddffee,-5723672851279058642
2-843,aeaaabecab,eccdeaae,-8475171652477300505
2-844,ebcbdebab,befafbaeddf,-5392735672813363722
2-845,dfcbaadeeecd,cbdeefbaeceac,-5897326407704604378
2-846,cfdaedebbfcef,fecacafabbcfbc,-6558758987018470580
2-847,fdabaacaaadf,cfbedcdcbad,-7075871361364962131
2-848,ebcaafdecdb,edaedcddbacdae,-8271752716799514269
2-849,bcebdfdfa,eeeaabfbebf,-4651862740767266319
2-850,beafffbaefc,badccaccccfe,-9129886940084702402
2-851,ddbfeddbfbd,bddaebbaebf,-9174382932365975806
2-852,bcaaadbfedfebf,cecfadebedfd,-5742638013887271552
2-853,caffcacdbcef,dfeaddbaebbafda,-5499257660347124518
2-854,bbbbdccbaeaaeabbc,afbccccaae,-8321063959960388062
2-855,adcedadffeafdbbf,afefdcd,-8358269396962170619
2-856,bfecfbbbedf,eccbedb,-7091878018017042303
2-857,aeddbbbccfddbca,ecceaacbbcbaa,-5347959683572128487
2-858,bebbfed,afaaeada,-7100128968309459846
2-859,daadbadceadab,cceeecdedbda,-7861085835658536799
2-860,baadbdecadcedbfb,fbabfbaebfbdecd,-5864971855514004528
2-861,affbcaeaaaeccdb,eabfdecbbdf,-7421289779942402433
2-862,eabfeabde,beabcdd,-9219954732653277891
2-863,dbbcfbfaaabeec,eeaeabbf,-8169388400370650571
2-864,bdbcddbadbef,eedcfadaabecb,-6146739977732804540
2-865,cfcdfbcbaaeaac,cabafabfabeeecdda,-6089395680179331702
2-866,aeeefeaebefab,beffdeefcaabea,-7450005283042089462
2-867,aedbebcdfddd,debdbfdbcaaebeaf,-8236579454156805383
2-868,aeaeeecb,addaebbceecbdda,-7450945284622737000
2-869,aabbabafdeeac,afdebfbfc,-5233444762971521919
2-870,fcabbbdfed,fecadcfadcdc,-6942793871354727844
2-871,fdfbfdcdafaecab,afdaaade,-6296831044626467232
2-872,fffacee,fbcbdcdc,-7118457919154154092
2-873,dddfccdadfc,afcbdcbffcdeba,-4613870935317300696
2-874,bacafebcccecfcba,beaefdbd,-6731492683082949246
2-875,fedfccbcfad,bfbbaaeebfaaadcd,-5656650315455605555
2-876,ecbfbcdcdbefcfb,aedddbaebbee,-8436559017629520284
2-877,cffdbaddc,edfedacedf,-7799050491221436685
2-878,dcbbdedfaffdb,defddbfad,-5696133880290945644
2-879,bbabfaebbe,dcacbaafcae,-5001219438900789724
2-880,efbcbfcddf,bbfcdfabfaadc,-4638415857029123135
2-881,defaeeef,cdaddbedfabff,-5337452014600872048
2-882,aadaafeccf,bbbbacedafaada,-6300655653943485020
2-883,ddfaefbcbb,efbaeaadfeade,-8254825399786570201
2-884,daeeaceaefdaa,eadfccabdefef,-6743051857270657192
2-885,aafeddca,afbafcfdbfacd,-6957823106545641767
2-886,edbbafbeabffdc,eeefeabaded,-8605355956279293487
2-887,dccbbdadbac,dcafeeabbce,-7333136291927983042
2-888,daffcccebfcbfcad,fcdbebffba,-5193964289782471373
2-889,babdddbbfbde,dcfbffbaabcdaa,-7586447660612212186
2-890,efffebbaac,feaceefdfee,-7104832925205647821
2-891,fcddaac,dccbeccaacedde,-5337674123920943394
2-892,aafbbaaf,dddcffffef,-7471486105489029393
2-893,afedebfbdeaac,bbcaeeacdcaaccd,-6787551769661367083
2-894,edeadacaedabeaa,cebdcacecab,-9046565772245432138
2-895,daebffadacb,dedffaefccdaaa,-7048190464072636919
2-896,dcfbfcabbafbff,cfbfdbcfa,-4888638423422601056
2-897,cfbfdaddbeab,abdcbfdffed,-8280564418742845459
2-898,dfaafcbbafccad,bdfccfdebbdadffbfe,-5201198111442953218
2-899,dcbedabffebecfa,ffbeeecebcabd,-8760736464413642443
2-900,bbbaafecb,cdebedacaa,-6658699207340088231
2-901,bedebfbaeefdc,ebebaaadcf,-6497071351868032985
2-902,aacbaceebc,dbcfdcbdccbbbf,-9089166304008029329
2-903,ffcbebcdbcf,daedefcefd,-8861266823020029863
2-904,eccaeeddbbbb,cbedcfbbffaaca,-5566460531155627608
2-905,fffdbfcfabbd,dfdebfed,-7710633353219394553
2-906,fceedadcca,cfacbfede,-7267596797221411438
2-907,aaefbfaaba,dddcbaeaac,-5861291882241801176
2-908,cecbaeceab,afcdbbbbbdbb,-5524992348822436687
2-909,dafbaecbebaa,cdadfdecabfff,-7099627616840728577
2-910,faabfbdcdbea,aedeacbdfaccbab,-7197759900139558125
2-911,aeabfeff,acddaaca,-8707923745902015798
2-912,fdfcaae,bbfffdebebdbc,-8053608965972198973
2-913,fdcfddddebec,beebeecbdaffbaacc,-7281916315128132468
2-914,debaedcbaef,ffcecabdeeddd,-6064538358778047411
2-915,eabcbbbcac,abfdabddbbfced,-5720847011317289627
2-916,fbcaddca,bcbfdacac,-6244464335071909300
2-917,daebdfaaaabecc,ddeeabebefadebfb,-7024595799286682629
2-918,eeaafadbeeffc,aacbbbabecbde,-8851053056694431074
2-919,bafeeaffa,affcabbdbadcfedafa,-5922393448439146198
2-920,cebaeddffec,eacedcdbba,-8028202412750358617
2-921,cffeeddaafadec,fbebdbcdacfccdfb,-6036520294484729928
2-922,bbccbbfd,bddbfaabcd,-8484599906080350875
2-923,baadebcbacbcdbbac,cebadadbedcffbeefa,-7922689158547561398
2-924,ccdbaeb,aaacefefeecfb,-6926157419779600565
2-925,adbdbacedc,abbbdacf,-4952228390395818945
2-926,eedcccbf,bddbacbeeaff,-9048876590361786586
2-927,addeabeffffc,dbcccbbfddddcb,-6967862619607479434
2-928,ffefedeadaef,dbaefccebfdde,-4672935600429652354
2-929,faafeffdafbfcbe,efacbdfa,-8783985371322054074
2-930,bbeaeeafbce,deaabfaaddcbbcdb,-6797658296513890896
2-931,eacbebfdfcc,badbfafbfab,-9072097464846510927
2-932,ddeefedecb,aeaeabdb,-5650572943420089469
2-933,affafbdce,bcfcbbc,-9221901890067154500
2-934,eebedaddaecb,febcccebdcbbac,-5182837543919762654
2-935,ffcabadffef,fdaeeeffdedadbefcedf,-8875260041314248971
2-936,cbaeef,acaeabcfa,-9145852161999009887
2-937,ceacebfa,abebfbbcbcedeb,-5708390537611321672
2-938,eabbeceaefcfea,ecfcdbaceeee,-7675923982327878078
2-939,ffbdcfcfcdeeaeb,aeacbfadedbc,-7613805681094038084
2-940,cdeeadbafecb,fababbbcbfefdd,-5130862655434719791
2-941,debeceaffe,acccdbdbefe,-8703643613847395360
2-942,fbffbfaafcbbbbbfa,cbbaeeadfbefb,-6893759923910412368
2-943,acaecebbbaafdb,dfbfbcbbdefbb,-5222566578914805733
2-944,fcedecfaaaadddfd,cabbececcabe,-9199221708327045826
2-945,dbadebfac,ddbdabeed,-6730432527378082323
2-946,afbdaabede,dabbdecdbd,-7499569555728880685
2-947,ecadedbf,abfabaacbaf,-5172067197775496673
2-948,ebfddaeadfe,dfbecdfebfaadefef,-6754147471528366185
2-949,bdcabaefeba,debbeacdbb,-8524066860104733253
2-950,daeaaadaeabccaedbe,adbdfdbeaccb,-5601015385717716221
2-951,dbdccbcabc,dedfbadcbedad,-8204045491749713199
2-952,dbeefaafecdfc,fbccecbfaeacbda,-5480698785744327382
2-953,bdebcbcfeee,daedefca,-8651619145170609626
2-954,ebaecfbfebacfdaaed,cbcafdeefdc,-8856591178352786352
2-955,efebeeefefbc,dabfecdbd,-5587496552737896415
2-956,ddfbeefafd,bdffbfdfe,-5164210411291933794
2-957,aebcfffbcab,ecaafbcdbbeefad,-5698771560554341671
2-958,bbefacedfdfedfde,bbafccfeadd,-9134153727599190751
2-959,aeeeacaabf,bbcbafefbfead,-6407216821224692775
2-960,ebbacdfcfe,ebacbebbbfedceede,-4967490722188153310
2-961,fbaedcfcfdabad,daacfabbcbedac,-5297424215468856788
2-962,cecbabefdf,dadcfdaabe,-8544176102332233241
2-963,ceccdacddf,bebeceeffb,-8757665092536364469
2-964,bbaebabacaecab,eebecde,-8420913211364710530
2-965,adcfeedbcbd,decffbcccbabaafcc,-5216655986107156788
2-966,efbbfea,ccfebbaceab,-5716113132686694474
2-967,fbcfeec,fdaadcaaaac,-6855421716868736340
2-968,dccfaecbdaac,acafdeacea,-6531183452122620248
2-969,eddadbed,bdbbfcfde,-8084114689528113346
2-970,ffbffdcc,afecbaadfeabe,-5966829793052491628
2-971,ecfacdecc,cccffbabbbdf,-7266816705118210701
2-972,bebaafecb,eddaeebcf,-8438522418046817169
2-973,ecafebdbeddfd,fedfbeaadcfdedaff,-5925241916161429489
2-974,dbdceafbafeea,efddafbeaeffbafb,-4716693798223132885
2-975,ffddacad,fafbccad,-5219082368948526563
2-976,eeddbfa,efeebfadcfedf,-6449940800952080417
2-977,cbdebaaccdcdb,dbeedbbdadece,-4929689154131964699
2-978,cacffbffbcad,bbdceeebfcabd,-5622336642585682559
2-979,bcaabbccddaa,fabdbffeafceeabd,-6776712588413905806
2-980,facfeefdd,efdfbcbeba,-4884107954076339078
2-981,cabedc,dcbbaf,-5156527558289637499
2-982,bfefdfcacbfeffb,efaefcd,-8994180557977379431
2-983,accabbb,aacabebedeaa,-5484306214146603494
2-984,afffaeeda,ffceefddb,-9086567512372707017
2-985,faaaff,ccddd,-8060805181839687116
2-986,edbbdaad,bbdfef,-8935010455601138369
2-987,eaacdecca,babfbbdfae,-8632519950483809666
2-988,dfcbbdddc,cdfbabfbbbea,-8416963015526952634
2-989,eccbbfbeffddad,abafabdbccd,-6080577797861114667
2-990,fbadaebcacdf,baffadfbedae,-7246734321779855338
2-991,abcccabdefa,accedceafbfb,-8673781178069091472
2-992,efeaffefbecaafeadf,dedaabffb,-6091682375501852416
2-993,bcbaebbbafd,bcafeaefbcde,-8207187314478404122
2-994,fbeabadebbf,beedbefeddced,-5628938356305502995
2-995,acaadbbbdadda,deeedcc,-8204044672930406254
2-996,dfaddbabaccab,eabeeabba,-7592080348736236923
2-997,addebdfddeae,cbfbdebeccc,-7514855987108221748
2-998,ddfceaafb,dbaebbedee,-4955870068167789474
2-999,ccbcdbddcaffcbdba,adcdabbecabbcace,-4751125390301550386
2-1000,efefbdced,deabefddaaeef,-6295742118851713665
